AccountNumber,SupplierCode,SupplierName,Title,FirstName,LastName,TelephoneNumber,FaxNumber,Email,AddressLine1,AddressLine2,AddressLine3,AddressLine4,City,PostCode,County,Country,AcceptedCurrency,TaxNumber,Terms,WebAddress,Active,ItemMessage,CustomerMessage,Notes,CustomText1,CustomText2,CustomText3,CustomText4,CustomText5,CustomDate1,CustomDate2,CustomDate3,CustomDate4,CustomDate5,CustomNumber1,CustomNumber2,CustomNumber3,CustomNumber4,CustomNumber5,MinimumOrderValue,FreeDeliveryOrderValue
010,ASI,ASI Limited,,,,01728 688555,01728 688950,sales@a-s-i.co.uk,Alliance House,Snape,,,Saxmundham,IP17 1SW,Suffolk,United Kingdom,Pound Sterling,,,,TRUE,,,,190655,,,,,,,,,,,,,,,,
001,Akah,Albrecht Kind GmbH,Mr.,Ralf,Lezanska,0049 2261 705-134,0049 2261 73540,info@akah.de,Hermann-Kind-Str 18-20,,,,Gummersbach/Hunstig,D-51645,,Germany,Pound Sterling,,,,TRUE,,,,5173659,,,,,,,,,,,,,,,,
003,Brattonsound,Brattonsound Engineering Ltd,Mr.,James,Tagg,020 8254 6800,0208 641 9991,sales@brattonsound.co.uk,"Unit 4, Kimpton Tr & Bus Centr",Minden Road,,,Sutton,SM3 9PF,Surrey,United Kingdom,Pound Sterling,,,,TRUE,,,,SHOOT08,,,,,,,,,,,,,,,,
004,Beechwood,Beechwood Equipment Limited,,,,01932 781891,01372 787141,sales@beechwoodequipment.com,P O Box 412,,,,Esher,KT10 1AF,Surrey,United Kingdom,Pound Sterling,,,,TRUE,,,,SHO6,,,,,,,,,,,,,,,,
005,Innovations,Innovations,,,,,,,,,,,,,,United Kingdom,Pound Sterling,,,,TRUE,,,,,,,,,,,,,,,,,,,,
009,Armex,Armex Limited,,,,0121 643 4900,0121 633 4990,info@armex.co.uk,Field Sports House,11 Andover Street,,,,B5 5RG,Birmingham,United Kingdom,Pound Sterling,,,,TRUE,,,,SHOOTING,,,,,,,,,,,,,,,,
013,Matthew Maisey,Matthew Maisey Limited,,,,07764 772814,9,matt.maisey@bonart.co.uk,19 Stilebrook Road,Yardley Road Industrial Estate,,,Olney,MK46 5EG,Buckinghamshire,United Kingdom,Pound Sterling,,,,TRUE,,,,SHO001,,,,,,,,,,,,,,,,
014,Brocock,Brocock Limited,,Hannah,,08448 009905,,,32 Heming Road,Washford Ind Estate,,,Redditch,B98 0DH,Worcestershire,United Kingdom,Pound Sterling,,,,TRUE,,,,SHO03,,,,,,,,,,,,,,,,
015,Brownells,"Brownells, Inc",,,,800 741 0015,641 623 3896,,200 South Front Street,,,,Montezuma,50171-1000,Iowa,United States of America,Pound Sterling,,,,TRUE,,,,758340,,,,,,,,,,,,,,,,
016,BSA,BSA Guns (UK) Limited,Mr.,Martin,Lowe - MD,0121 772 8543,0121 773 0845,sales@bsaguns.com,Armoury Road,Small Heath,,,Birmingham,B11 2PP,,United Kingdom,Pound Sterling,,,,TRUE,,,,S136,,,,,,,,,,,,,,,,
017,Buck Hickman,Buck Hickman,,,,,,,,,,,,,,United Kingdom,Pound Sterling,,,,TRUE,,,,840079,,,,,,,,,,,,,,,,
018,BWM,BWM Arms Limited,,,,01235 514550,01235 514552,hilda@bwmarmsltd.com,Unit 2 Moorbrook Park,,,,Didcot,OX11 7HP,Oxfordshire,United Kingdom,Pound Sterling,,,,TRUE,,,,349,,,,,,,,,,,,,,,,
019,Centra,Centra UK,,,,01483 756969,,,P O Box 2000,,,,Woking,GU21 4GF,Surrey,United Kingdom,Pound Sterling,,,,TRUE,,,,223,,,,,,,,,,,,,,,,
008,Ben Taylor,Ben Taylor & Son,,,,01223 872655,01223 871347,bengarzy2@hotmail.com,2C Button End,Harston,,,Cambridge,CB2 5NX,,United Kingdom,Pound Sterling,,,,TRUE,,,,,,,,,,,,,,,,,,,,
021,Crosscut,Crosscut (UK) Limited,,,,01978 264716,01978 264710,sales@crosscut.co.uk,Unit 2 Bersham Ent Centre,,,,Rhostyllen,LL14 4EG,Wrexham,United Kingdom,Pound Sterling,,,,TRUE,,,,S152,,,,,,,,,,,,,,,,
022,Daystate,Daystate Limited,Ms.,Rebecca,01785 857133,01785 859122,01785 850377,office@daystate.com,Unit 3,Raleigh Hall Industrial Estate,,,Eccleshall,ST21 6JL,Staffordshire,United Kingdom,Pound Sterling,,,,TRUE,,,,SHOOT001,,,,,,,,,,,,,,,,
023,Newpro,Newpro UK Limited,,,,01367 242411,01367 241124,sales@newprouk.co.uk,Old Sawmills Road,,,,Faringdon,SN7 7DS,Oxon,United Kingdom,Pound Sterling,,,,TRUE,,,,3069,,,,,,,,,,,,,,,,
025,Deben,Deben Group Industries Ltd,,,,01394 387762,01394 386255,sales@deben.com,Avocet House,Wilford Bridge Road,,,"Melton, Woodbridge",IP12 1RS,Suffolk,United Kingdom,Pound Sterling,,,,TRUE,,,,MBEN,,,,,,,,,,,,,,,,
030,Edgar Bros,Edgar Brothers,,,,01625 660673,01625 615276 or 439707,shootingsports@edgarbrothers.com,Heather Close,Lyme Green Business Park,,,Macclesfield,SK11 0LR,,United Kingdom,Pound Sterling,,,,TRUE,,,,SHOO18,,,,,,,,,,,,,,,,
031,Eley Hawk,Eley Hawk Limited,,,,0121 352 3277,0121 352 3288,sales@eleyhawkltd.com,"Selco Way, First Avenue",Minworth Industrial Estate,,,Sutton Coldfield,B76 1BA,West Midlands,United Kingdom,Pound Sterling,,,,TRUE,,,,13793,,,,,,,,,,,,,,,,
032,Eley Ltd,Eley Limited,,,,0121 313 4567,0121 313 4568,garethmoore@eley.co.uk,"Selco Way, First Avenue",Minworth Industrial Estate,,,Sutton Coldfield,B76 1BA,West Midlands,United Kingdom,Pound Sterling,,,,TRUE,,,,348600,,,,,,,,,,,,,,,,
034,NSP,NSP Engineering Limited,,,,01323 842179,01323 440573,nsp@air-arms.co.uk,Unit 5-6 Hailsham Ind Park,Diplocks Way,,,Hailsham,BN27 3JF,East Sussex,United Kingdom,Pound Sterling,,,,TRUE,,,,FSHOOTIN,,,,,,,,,,,,,,,,
039,Browning,Browning International SA,,,,08000 280234,0032 4240 5212,,PI des Hauts-Sarts,3eme Ave 25,,,4040 Herstal,,,Belgium,Pound Sterling,,,,TRUE,,,,AASHOO04,,,,,,,,,,,,,,,,
040,GMK,GMK Limited,,,,01489 587500,01489 579937,,Bear House,Concorde Way,,,Fareham,PO15 5RL,Hampshire,United Kingdom,Pound Sterling,,,,TRUE,,,,SHOOTSUP,,,,,,,,,,,,,,,,
041,John Knibbs,John Knibbs International Ltd,,,,01675 481006,,,Shustoke,,,,,B46 2RR,Warwickshire,United Kingdom,Pound Sterling,,,,TRUE,,,,SS001,,,,,,,,,,,,,,,,
035,Skan,SKAN AR,,,,01787 227567,,,Pannells Farmhouse,Bures Road,,,White Colne,CO6 2QF,Essex,United Kingdom,Pound Sterling,,,,TRUE,,,,,,,,,,,,,,,,,,,,
036,Bill,Bill,,,,,,,,,,,,,,United Kingdom,Pound Sterling,,,,TRUE,,,,,,,,,,,,,,,,,,,,
037,Fox Call,Fox Call UK,,Allan,,0121 477 3839 or 07973382069,,allan@foxcalluk.co.uk,517 Bristol Road South,Northfield,,,Birmingham,B31 2AA,,United Kingdom,Pound Sterling,,,,TRUE,,,,,,,,,,,,,,,,,,,,
038,Fresh Fields,Fresh Fields,,,,01746 714114,01746 714114,wildlifetracking@easynet.co.uk,Bush House,"Muckley Farm, Acton Round",,,Bridgnorth,WV16 4RW,Staffordshire,United Kingdom,Pound Sterling,,,,TRUE,,,,,,,,,,,,,,,,,,,,
042,Frank Dyke,Frank Dyke & Company Limited,,,,020 8670 2224,020 8766 6877,,1-7 Ernest Avenue,West Norwood,,,London,SE27 0DG,,United Kingdom,Pound Sterling,,,,TRUE,,,,SHS001,,,,,,,,,,,,,,,,
043,Garlands,Garlands Limited,Mr.,Peter,Gray,01827 383300,01827 383360,info@garlands.uk.com,Raddle Lane,Edingale,,,Tamworth,B79 9JR,Staffordshire,United Kingdom,Pound Sterling,,,,TRUE,,,,SHO 8,,,,,,,,,,,,,,,,
045,Helston,Helston Gunsmiths,,,,01326 573385/561440,01326 573221,aim@helstongunsmiths.com,Water-Ma-Trout,,,,Helston,TR13 0LW,Cornwall,United Kingdom,Pound Sterling,,,,TRUE,,,,SH1752,,,,,,,,,,,,,,,,
046,Henry Krank,Henry Krank & Company Limited,,,,0113 2569163/2565167,0113 2574962,sales@henrykrank.com,100-104 Lowtown,,,,Pudsey,LS28 9AY,West Yorkshire,United Kingdom,Pound Sterling,,,,TRUE,,,,1244,,,,,,,,,,,,,,,,
047,H & W Shooting,Ian & Gareth Butler Shooting S,,,,01527 65496,,info@hwsg.co.uk,Brockhill Lane,Tardebigge,,,Redditch,B97 6RB,Worcs,United Kingdom,Pound Sterling,,,,TRUE,,,,,,,,,,,,,,,,,,,,
048,Hull Cartridge,Hull Cartridge Company Limited,,,,01482 342756,01482 346103,sales@hullcartridge.co.uk,Bontoft Avenue,National Avenue,,,Hull,HU5 4HZ,,United Kingdom,Pound Sterling,,,,TRUE,,,,S197,,,,,,,,,,,,,,,,
049,Hunters,Hunters of England,,,,01613 667631,,hoe.longshot@virgin.net,P O Box 42,,,,Hyde,SK14 4FF,Cheshire,United Kingdom,Pound Sterling,,,,TRUE,,,,,,,,,,,,,,,,,,,,
051,John Rothery,John Rothery (Wholesale)Co Ltd,Mr.,JOHN,GUMBLEY,02392 245350,02392 245351,sales@bisley-uk.com,Rothery House,Waterberry Drive,,,Waterlooville,PO7 7XX,Hampshire,United Kingdom,Pound Sterling,,,,TRUE,,,,MEBR00,,,,,,,,,,,,,,,,
052,Justin Damas,Justin Damas & Company,,,,01872 519017,01872 519017,peterceroberts@yahoo.co.uk,"2 The Barns, Killigrew Farm",St Erme,,,Truro,TR4 9BE,Cornwall,United Kingdom,Pound Sterling,,,,TRUE,,,,,,,,,,,,,,,,,,,,
054,Morehouse,Morehouse A/S,Mr.,Tony,Frandsen,07917 360855,0045 8742 1001,mail@morehouse.nu,Bogekildevej 20,,,,,DK-8361 Hasselager,,Denmark,Pound Sterling,,,,TRUE,,,,1527831261,,,,,,,,,,,,,,,,
055,Lawrence & Foster,Lawrence & Foster Limited,,,,01977 604440,01977 604442,sales@lawrenceandfoster.co.uk,Unit B5 Whitwood Enterprise Pk,Speedwell Road,,,Castleford,WF10 5PX,,United Kingdom,Pound Sterling,,,,TRUE,,,,SHOOTIN,,,,,,,,,,,,,,,,
056,Le Chameau,LLC Limited,,,,01489 557600,01489 557705,,Bear House,Corncorde Way,,,Fareham,PO15 5RL,Hampshire,United Kingdom,Pound Sterling,,,,TRUE,,,,S059,,,,,,,,,,,,,,,,
057,Lyalvale Express,Lyalvale Express Limited,,,,01543 434400,01543 434420,sales@lyalvaleexpress.com,Express Estate,,,,Fisherwick,WS13 8XA,Staffordshire,United Kingdom,Pound Sterling,,,,TRUE,,,,SSBROM,,,,,,,,,,,,,,,,
059,McCloys,McCloys (Guns Unlimited),,Eunan,,02879 650641,02879 659951,sales@mccloys.com,10 Creagh Road,,,,Toomebridge,BT41 3SE,Co Antrim,Ireland,Pound Sterling,,,,TRUE,,,,SUPPD002,,,,,,,,,,,,,,,,
060,MSC,MSC Industrial Supply Co,,,,0800 663355,0800 580058,,7 Pacific Avenue,,,,Wednesbury,WS10 7WP,West Midlands,United Kingdom,Pound Sterling,,,,TRUE,,,,390587,,,,,,,,,,,,,,,,
061,Quiltknit,Quiltknit - Corporate Image,,,,01267 233737,01267 233765,,CSG,41-45 Richmond Terrace,,,Carmarthen,SA31 1HG,,United Kingdom,Pound Sterling,,,,TRUE,,,,SS,,,,,,,,,,,,,,,,
062,Reloading,Reloading Solutions,,,,01865 378200,01865 370123,sales@reloadingsolutions.com,P O Box 932,,,,Oxford,OX4 1GT,,United Kingdom,Pound Sterling,,,,TRUE,,,,,,,,,,,,,,,,,,,,
063,Marchwood,Marchwood,,Charlotte,,01543 274932,01543 422082,sales@marchwoodsporting.co.uk,Unit 406 Cannock Chase Ent Cen,Walkers Rise,,,Hednesford,WS12 0QU,Staffordshire,United Kingdom,Pound Sterling,,,,TRUE,,,,SHOOT,,,,,,,,,,,,,,,,
066,Midland Diving,Midland Diving Equipment Ltd,,,,0116 212 4262,0116 212 4263,sales@midlanddiving.com,57 Sparkenhoe Street,,,,Leicester,LE2 0TD,Leicestershire,United Kingdom,Pound Sterling,,,,TRUE,,,,SHOOTSUPP,,,,,,,,,,,,,,,,
067,MTC Optics,MTC Optics Limited,,Adam,07802 726361,08448 009929,,general@mtcoptics.co.uk,Unit 3 Raleigh Hall Ind Estate,,,,Eccleshall,ST21 6JL,Staffordshire,United Kingdom,Pound Sterling,,,,TRUE,,,,SHOOTIN1,,,,,,,,,,,,,,,,
068,Napier,Napier Limited,,,,01235 812993,01235 811785,,3 Moorbrook,Southmead Park,,,Didcot,OX11 7HR,Oxfordshire,United Kingdom,Pound Sterling,,,,TRUE,,,,MBEN01,,,,,,,,,,,,,,,,
069,Range Right,Range Right Limited,,,,01423 881919,01423 881717,sales@range-right.co.uk,Unit 4 Freemans Way,"Harrogate Bus Pk, Wetherby Rd",,,Harrogate,HG3 1DH,,United Kingdom,Pound Sterling,,,,TRUE,,,,S049,,,,,,,,,,,,,,,,
070,Ruag,Ruag Ammotec (UK) Limited,,,,01579 362319,01579 364033,enquiries@ruag.co.uk,Upton Cross,,,,Liskeard,PL14 5BQ,Cornwall,United Kingdom,Pound Sterling,,,,TRUE,,,,SHO2648,,,,,,,,,,,,,,,,
073,Screwfix,Screwfix Direct Limited,,,,0500 414141,0800 0562256,,Mead Avenue,Houndstone Business Park,,,Yeovil,BA22 8RT,Somerset,United Kingdom,Pound Sterling,,,,TRUE,,,,9003584,,,,,,,,,,,,,,,,
076,South Yorks,South Yorkshire Shooting Suppl,,,,01226 756332,01226 751321,enquiries@rimfiremagic.co.uk,"Everill Gate Farm, Broomhill",Wombwell,,,Barnsley,S73 0YQ,,United Kingdom,Pound Sterling,,,,TRUE,,,,,,,,,,,,,,,,,,,,
077,Southern Gun,Southern Gun Company,,,,01208 851074,01208 850860,sgc@southern-gun.co.uk,Penwood House,St Breward,,,Bodmin,PL30 4NL,Cornwall,United Kingdom,Pound Sterling,,,,TRUE,,,,,,,,,,,,,,,,,,,,
078,Sporting Saint,Sporting Saint,,Pip,,01885 400343,01885 400745,,Lower Winslow Farm,,,,Bromyard,HR7 4SE,Herefordshire,United Kingdom,Pound Sterling,,,,TRUE,,,,,,,,,,,,,,,,,,,,
079,Sporting Services,Sporting Services,,,,01342 716427,01342 717847,sales@sportingservices.co.uk,P O Box 432,,,,Crawley,RH10 4YT,West Sussex,United Kingdom,Pound Sterling,,,,TRUE,,,,,,,,,,,,,,,,,,,,
081,Sportsman Gun,The Sportsman Gun Centre,,,,01392 354854,,info@sportsmanguncentre.com,19 Apple Lane,Trade City,,,Exeter,EX2 5GL,Devon,United Kingdom,Pound Sterling,,,,TRUE,,,,SHOOTS,,,,,,,,,,,,,,,,
083,Teales,Teales Sporting Goods,Mr.,Matthew,Howells,07867 973 339,,matthew.howells@teales.co.uk,4 Western Road,,,,Ivybridge,PL21 9AN,Devon,United Kingdom,Pound Sterling,223888288,,www.teales.co.uk,TRUE,,,,,,,,,,,,,,,,,,,,
084,Swarovski,Swarovski UK Limited,Mr.,Neil,Smith 07860753835,01737 856812,01737 856885,info@swarovskioptik.at,Unit 11 Tarbot House,Perrywood Business Park,,,Salfords,RH1 5JQ,Surrey,United Kingdom,Pound Sterling,,,,TRUE,,,,109302,,,,,,,,,,,,,,,,
085,Swift,Swift Precision Rifles,,,,01527 871620 or 07739 689871,,richardpope@talktalk.net,11 Holly Grove,,,,Bromsgrove,B61 8LH,Worcestershire,United Kingdom,Pound Sterling,,,,TRUE,,,,SPR/SS/01,,,,,,,,,,,,,,,,
087,Thatchreed,Thatchreed Limited,,,,01234 740327,01234 741708,sales@thatchreed.co.uk,Haynes West End,,,,Near Bedford,MK45 3QU,Bedfordshire,United Kingdom,Pound Sterling,,,,TRUE,,,,5257,,,,,,,,,,,,,,,,
089,Thomas Jacks,Thomas Jacks Limited,,,,01789 264100,01789 264200,info@thomasjacks.co.uk,Apex House,Timothy's Bridge Road,,,Stratford-Upon-Avon,CV37 9BF,Warwickshire,United Kingdom,Pound Sterling,,,,TRUE,,,,S255HA,,,,,,,,,,,,,,,,
090,Hannam's,Hannams Reloading Limited,,,,01977 681639,01977 684272,sales@hannamsreloading.com,Peckfield Lodge,Great North Road,,,Leeds,LS25 5LJ,,United Kingdom,Pound Sterling,,,,TRUE,,,,SS BROMSGROVE,,,,,,,,,,,,,,,,
091,Topgun,Topgun Limited,,,,1424719707,01424 441561,sales@topgunclothing.co.uk,2 Shornden Passage,,,,St Leonards on Sea,TN37 6SQ,East Sussex,United Kingdom,Pound Sterling,,,,TRUE,,,,411329,,,,,,,,,,,,,,,,
092,UK Custom Shop,UK Custom Shop Limited,,,,01905 797060,,al@wildcatrifles.co.uk,317 Beech Drive,Hartlebury Trading Estate,,,Hartlebury,DY10 4JB,Worcestershire,United Kingdom,Pound Sterling,,,www.eildcatmoderators.co.uk,TRUE,,,,,,,,,,,,,,,,,,,,
094,Viking Arms,Viking Arms Limited,,,,01423 780810,01423 781500,jeremy@vikingarms.com,Summerbridge,,,,Harrogate,HG3 4BW,North Yorkshire,United Kingdom,Pound Sterling,,,,TRUE,,,,S238,,,,,,,,,,,,,,,,
095,Bowman,W J Bowman (1984) Limited,,,,01777 870243,01777 870924,bowmantrap@aol.com,High Street,East Markham,,,Newark,NG22 0RE,Nottinghamshire,United Kingdom,Pound Sterling,,,,TRUE,,,,SS004,,,,,,,,,,,,,,,,
097,Whitby,Whitby & Company,,,,01539 721032,01539 729573,sales@whitbyandco.co.uk,Aynam Mills,Canal Head North,,,Kendal,LA9 7BY,Cumbria,United Kingdom,Pound Sterling,,,,TRUE,,,,S528,,,,,,,,,,,,,,,,
098,York Guns,York Guns Limited,,,,01904 487190,01904 487195,,Camsey House,Common Road,,,Dunnington,YO19 5RZ,North Yorkshire,United Kingdom,Pound Sterling,,,,TRUE,,,,1198,,,,,,,,,,,,,,,,
102,Gunshop Rugby,The Gunshop Rugby,,,,01788 575198,01788 546360,,62A Lawford Road,,,,Rugby,CV21 2ED,Warwickshire,United Kingdom,Pound Sterling,,,,TRUE,,,,,,,,,,,,,,,,,,,,
103,Arrow Laser Shot,Arrow Laser Shot Limited,,,,01252 860913,,,Unit 5 Huddington Glade,,,,Yateley,GU46 6FG,Hampshire,United Kingdom,Pound Sterling,,,,TRUE,,,,,,,,,,,,,,,,,,,,
104,JW,JW,,,,,,,,,,,,,,United Kingdom,Pound Sterling,,,,TRUE,,,,,,,,,,,,,,,,,,,,
105,Peacock,G K Trading Company,Mr.,Graham,Knox,01234 300000,,grahamknox@btconnect.com,67 Orchard Street,,,,Kempston,MK42 7JJ,Bedford,United Kingdom,Pound Sterling,,,,TRUE,,,,,,,,,,,,,,,,,,,,
106,Gamebird,Gamebird Products Limited,,Ben,Mobile No,0121 327 2200/2500,0121 327 2200/2500,,68H Wyrley Road,,,,Birmingham,B6 7BN,,United Kingdom,Pound Sterling,,,,TRUE,,,,SHO015,,,,,,,,,,,,,,,,
107,Grassroots,Grassroots Clothing Limited,,,,01455 291084,01455 292353,,36 Main Street,Carlton,,,Nuneaton,CV13 0EZ,Warwickshire,United Kingdom,Pound Sterling,,,,TRUE,,,,,,,,,,,,,,,,,,,,
108,Vickers,J J Vickers & Sons Limited,,,,01634 201284,01634 201286,info@jjvickers.co.uk,Unit 9,35 Revenge Road,,,Lordswood,ME5 8DW,Kent,United Kingdom,Pound Sterling,,,,TRUE,,,,,,,,,,,,,,,,,,,,
111,Highland Outdoors,Highland Outdoors Limited,,,,0845 099 0252,01857 341111,sales@highlandoutdoors.co.uk,P O Box 10024,North Kilworth,,,Lutterworth,LE17 9EJ,Leicestershire,United Kingdom,Pound Sterling,,,,TRUE,,,,,,,,,,,,,,,,,,,,
112,JLS,JLS & Co (1959) Limited,,,,0121 556 1322,0121 505 1330,sales@jls-wednesbury.freeserve.co.uk,Scoltock House,Perry Street,,,Wednesbury,WS10 0AZ,West Midlands,United Kingdom,Pound Sterling,,,,TRUE,,,,474,,,,,,,,,,,,,,,,
113,TMB,TMB Designs,Mr.,Trevor,Bailey,01905 840022,,trevor@cartridgedisplays.com,Unit 11 Highgrove Farm Ind Est,"Seaford, Pinvin",,,Pershore,WR10 2LF,Worcestershire,United Kingdom,Pound Sterling,,,,TRUE,,,,,,,,,,,,,,,,,,,,
114,Shooting Supplies,Shooting Supplies Limited,,,,01527 831261,01527 832007,rogerontarget@aol.com,38 Sherwood Road,,,,Bromsgrove,B60 3DR,Worcestershire,United Kingdom,Pound Sterling,,,,TRUE,,,,,,,,,,,,,,,,,,,,
115,CCA,CCA Sales & Distribution Ltd,,,,01822 841895,01822 841894,sales @gearfinders.co.uk,Birch Cottage,"Cotts, Bere Alston",,,Yelverton,PL20 7BY,Devon,United Kingdom,Pound Sterling,,,,TRUE,,,,,,,,,,,,,,,,,,,,
116,Shooting Chrony,Shooting Chrony Inc,,Mandy,Esteves,001 905 276 6292,001 905 276 6295,chrony@shootingchrony.com,2446 Cawthra Road,"Building #1, Unit 10",,,Mississauga,L5A 3K6,Ontario,Canada,Pound Sterling,,,,TRUE,,,,,,,,,,,,,,,,,,,,
117,Silva,Silva Limited,,Graham,07894228611,01506 406277,01506 415906,,7 Elphinstone Square,Deans Industrial Estate,,,Livingston,EH54 8RG,West Lothian,United Kingdom,Pound Sterling,,,,TRUE,,,,600498,,,,,,,,,,,,,,,,
119,Teague Chokes,Teague Precision Chokes Ltd,,Nigel Teague,Ivan,01666 841 496,01666 840 062,sales@teaguechokes.com,The Dairy Farm,Pinkney Park,,,Malmesbury,SN16 0NX,Wiltshire,United Kingdom,Pound Sterling,,,,TRUE,,,,,,,,,,,,,,,,,,,,
121,Casstrom,Casstrom Limited,Mr.,Peter,Gray,07554 992986,0870 836 2030,peter_gray@live.co.uk,P O Box 4160,,,,Maidenhead,SL60 1DR,Berkshire,United Kingdom,Pound Sterling,,,,TRUE,,,,,,,,,,,,,,,,,,,,
123,Macleod,R Macleod & Son,Mr.,Gregor,Macleod,01862 892171,01862 892859,sales@macleod.co.uk,14 Lamington Street,,,,Tain,IV19 1AA,Ross-shire,United Kingdom,Pound Sterling,,,,TRUE,,,,,,,,,,,,,,,,,,,,
124,Wireless,Wirelessfireworks,Miss.,,,,,,,,,,,,,United Kingdom,Pound Sterling,,,,TRUE,,,,,,,,,,,,,,,,,,,,
125,Target Sports,Target Sports Centre Ltd,Mr.,Chris,Jarvis,01297 560049,,info@thetunnel.co.uk,The Tunnel Axminster Road,Charmouth,,,Bridport,DT6 6BY,Dorset,United Kingdom,Pound Sterling,,,,TRUE,,,,,,,,,,,,,,,,,,,,
127,Gunslip Stand Co,The Gunslip Stand Co,Mr.,Selwyn,Pedley,01902 846484,01902 845682,sales@gunslipstand.co.uk,14 Histons Drive,Codsall,,,Wolverhampton,WV8 2ET,,United Kingdom,Pound Sterling,,,,TRUE,,,,,,,,,,,,,,,,,,,,
129,Global Rifle,Global Rifle,,,,01455 291100,01455 292626,romy@snipersystems.co.uk,Woodside Farm,Ashby Road,,,Stapleton,LE9 8JE,Leics,United Kingdom,Pound Sterling,,,,TRUE,,,,,,,,,,,,,,,,,,,,
130,Precision Rifle,Precision Rifle Services Ltd,,Callum,07970 779994,01807 580422,01807 580424,precrifles@aol.com,Strathavon Lodge,Tomintoul,,,Ballindalloch,AB37 9AR,Banffshire,United Kingdom,Pound Sterling,,,,TRUE,,,,SHOO,,,,,,,,,,,,,,,,
131,Prodec,Prodec Precision Manu Co Ltd,,,,01909 474093,01909 500363,,Armstrong Buildings,Kilton Terrace,,,Worksop,S80 2DQ,Notts,United Kingdom,Pound Sterling,,,,TRUE,,,,S23,,,,,,,,,,,,,,,,
132,Sax,Sax Design Limited,Mr.,Colin,Morgan,01684 592064,01684 592613,cm.agencies@btinternet.com,Unit C2 Crispin Ind Centre,Advent Way,,,Edmonton,N18 3AH,London,United Kingdom,Pound Sterling,,,,TRUE,,,,,,,,,,,,,,,,,,,,
133,BSW,Bisley Sports Wholesale Ltd,,,,01483 485590,01483 485591,sales@bisleysports.com,Bisley Camp,Brookwood,,,Woking,GU24 0NP,Surrey,United Kingdom,Pound Sterling,,,,TRUE,,,,,,,,,,,,,,,,,,,,
134,Decoying UK,Decoying UK Ltd,Mr.,Paul,Bant,01942 243126,,info@decoying.co.uk,"Unit 12, Rosebridge Court",Higher Ince,,,Wigan,WN1 3DP,Lancashire,United Kingdom,Pound Sterling,,,,TRUE,,,,,,,,,,,,,,,,,,,,
135,Riflecraft,Riflecraft Ltd,Mr.,Geoff,Fisher,01379 853745,01379 853421,,18G Speedwell Way,Border Valley Industrial Est,,,Harleston,IP20 9EH,Norfolk,United Kingdom,Pound Sterling,,,,TRUE,,,,,,,,,,,,,,,,,,,,
136,Armalon,Armalon Limited,Mr.,Peter,Sarony,020 7262 1881,020 7402 0959,sales@armalon.com,44 Harrowby Street,,,,London,W1H 5HY,,United Kingdom,Pound Sterling,,,,TRUE,,,,,,,,,,,,,,,,,,,,
137,LEDCO,LEDCO LTD,Mr.,Chris,Gardiner,07860 567537 or 01344 876222,01344 630999,,KINGSWICK HOUSE,KINGSWICK DRIVE,,,SUNNINGHILL,SL5 7BH,BERKS,United Kingdom,Pound Sterling,,,,TRUE,,,,,,,,,,,,,,,,,,,,
138,Sateuropa,Sateuropa & Electronics Ltd,,,,0845 1303111,,,5 Chelsea Road,,,,Southsea,PO5 1NN,,United Kingdom,Pound Sterling,,,,TRUE,,,,,,,,,,,,,,,,,,,,
139,T W Chambers,T W Chambers & Co,,,,01349 832974,01349 830498,sales@gunspares.co.uk,P O Box 5745,,,,Dingwall,IV16 9WF,Ross-shire,United Kingdom,Pound Sterling,,,,TRUE,,,,,,,,,,,,,,,,,,,,
140,Pact,Pact Inc,,,,001 800 722 8462,001 972 641 2641,,P.O. Box 535025,,,,Grand Prairie,,Texas,United States of America,Pound Sterling,,,,TRUE,,,,,,,,,,,,,,,,,,,,
141,Hamilton Shooting,Hamilton Shooting Limited,,,,01371 851742,,sales@hamiltonshooting.com,Sculpins Lane,Wethersfield,,,Braintree,CM7 4AY,Essex,United Kingdom,Pound Sterling,,,,TRUE,,,,Shooting Supplies Lt,,,,,,,,,,,,,,,,
142,Amazon,Amazon,,,,,,,,,,,,,,United Kingdom,Pound Sterling,,,,TRUE,,,,,,,,,,,,,,,,,,,,
144,LR Active,LR Active Limited,,,,0870 0672404,,,Unit 7 The Diskin Centre,Golden Island,,,Athlone,,Co. Westmeath,Ireland,Pound Sterling,,,,TRUE,,,,9647918U,,,,,,,,,,,,,,,,
145,Ark Consultants,Ark Consultants Ltd,Mr.,Richard,Lee,01524 822084,01524 824417,richard@arkconsultants.co.uk,Lowbrook Barn,Lancaster Road,,,Lancaster,LA2 6AL,,United Kingdom,Pound Sterling,,,,TRUE,,,,,,,,,,,,,,,,,,,,
147,ARTS,Air Rifle Trade Suppliers,,,,01233 642357 or 07836 621060,01233 613899,,P O Box 567,,,,Ashford,TN23 5FP,Kent,United Kingdom,Pound Sterling,,,,TRUE,,,,247,,,,,,,,,,,,,,,,
149,Spuhr,Spuhr i Dalby AB,,Ulf,Nilsson,+46 (0)702 603344,+46 (0)46 200 575,ulf@spuhr.com,Lovstedts vag 1,,,,237 34 Bjarrad,,,Sweden,Pound Sterling,,,,TRUE,,,,226,,,,,,,,,,,,,,,,
153,Low Mill Ranges,Low Mill Ranges Ltd,,,,01946 814769,01946 813310,sales@lowmillranges.co.uk,Cleator Moor,,,,Cumbria,CA25 5RH,,United Kingdom,Pound Sterling,,,,TRUE,,,,,,,,,,,,,,,,,,,,
154,Entwistle,S Entwistle (Preston) Ltd,,Mike & Margaret,Mogilnicki,01772 718048,01772 718558,entwistleguns@hotmail.co.uk,254 Plungington Road,Fulwood,,,Preston,PR2 3PQ,Lancashire,United Kingdom,Pound Sterling,,,,TRUE,,,,,,,,,,,,,,,,,,,,
155,LOVETT,DARREN LOVETT,,07714958451,,01527 404585,,,,,,,,,,United Kingdom,Pound Sterling,,,,TRUE,,,,,,,,,,,,,,,,,,,,
156,Rigby Gunmakers,Rigby Gunmakers Ltd,,,,,,,22 Wyvil Road,,,,London,SW8 2TG,,United Kingdom,Pound Sterling,,,,TRUE,,,,,,,,,,,,,,,,,,,,
157,Milbro,Milbro Sports Limited,,,,01638 515162,01638 581007,info@milbro.co.uk,Unit 5-6 Hampstead Court,Hampstead Avenue,,,Mildenhall,IP28 7AS,Suffolk,United Kingdom,Pound Sterling,,,,TRUE,,,,S10,,,,,,,,,,,,,,,,
158,Blaser,Blaser Sporting Limited,Mr.,Robert,Sajitz,01483 917412 or 07814 273654,,robert.sajitz@blaser-sporting.com,Unit 12,The Pines Business Park,Broad Street,,GUILFORD,GU3 3BH,,United Kingdom,Pound Sterling,,,,TRUE,,,,,,,,,,,,,,,,,,,,
159,Roger,Roger Bill,,,,,,rogerontarget@aol.com,,,,,,,,United Kingdom,Pound Sterling,,,,TRUE,,,,,,,,,,,,,,,,,,,,
160,Stacra,Stacra Limited,Mr.,James,Crame,07737 961265,,speedingorange@gmail.com,2 Cherry Orchard,Holt Heath,,,Worcester,WR6 6ND,Worcestershire,United Kingdom,Pound Sterling,,,,TRUE,,,,,,,,,,,,,,,,,,,,
161,House of Cheviot,The House of Cheviot Limited,,,,,,,Block 4 Units 6-8,Galalaw Business Park,,,Hawick,TD9 8PZ,Roxburghshire,United Kingdom,Pound Sterling,,,,TRUE,,,,SH03,,,,,,,,,,,,,,,,
162,CROP,CROPSurveillance Limited,,,,07526 318 492,,,,,,,,,,United Kingdom,Pound Sterling,,,,TRUE,,,,,,,,,,,,,,,,,,,,
164,Soldier of Fortun,Soldier of Fortune GmbH,,,,0049 3027571651,0049 3027571652,market@sld-company.de,Mugglestrasse 13,,,,Berlin,10247,,Germany,Pound Sterling,,,,TRUE,,,,,,,,,,,,,,,,,,,,
166,Fordville,Fordville Limited,,,,0161 8644666,0161 8644777,sales@fordville.co.uk,Longford Trading Estate,Thomas Street,,,Stretford,M32 0JT,Mnchester,United Kingdom,Pound Sterling,,,,TRUE,,,,,,,,,,,,,,,,,,,,
167,Law Enforcement,Law Enforcement Int'l Ltd,,,,01727 826607,01727 826615,lei@lei.co.uk,P O Box 328,,,,St Albans,AL4 0WA,Herts,United Kingdom,Pound Sterling,,,,TRUE,,,,,,,,,,,,,,,,,,,,
168,Black Rifle,Venture Technologies Ltd,,,,01604 806303,,sales@blackrifle.co.uk,400 Pavilion Drive,Northampton Business Park,,,Northampton,NN4 7PA,Northants,United Kingdom,Pound Sterling,,,,TRUE,,,,,,,,,,,,,,,,,,,,
169,Selective Industr,Selective Industries Limited,,,,01353 775383/775353,,sales@impactairguns.co.uk,Unit 3 Sterling Place,Elean Business Park,,,Sutton,CB6 2QE,Cambs,United Kingdom,Pound Sterling,,,,TRUE,,,,100116,,,,,,,,,,,,,,,,
170,DPT,DPT UK Euro Limited,Mr.,William,Evans,07448 177009,,billevans44@gmx.com,P O Box 1021,,,,Billingham,TS19 1WE,,United Kingdom,Pound Sterling,,,,TRUE,,,,,,,,,,,,,,,,,,,,
171,Double Alpha,Double-Alpha Academy BV,,Saul,,+31 416 660 464,+31 416 392 040,daa@doublealpha.biz,Elzenweg 33b,,,,5144 MB Waalwijk,,,Netherlands,Pound Sterling,,,,TRUE,,,,,,,,,,,,,,,,,,,,
172,CSW,Country Sports Wholesale,Mr.,Jon,Workman,07714 468487/01462 743223,,accounts@countrysportswholesale.co.uk,Manor Farm,Chapel Street,Hinxworth,,Baldock,SG7 5HN,,United Kingdom,Pound Sterling,,,,TRUE,,,,SHOO01,,,,,,,,,,,,,,,,
173,Nightmaster,Rainplay Creative Ltd,,Angela,Billington,1535611688,,sales@nightmaster.co.uk,"Unit 24, Riverside",Dalton Mills,,,Keighley,BD21 4JH,West Yorkshire,United Kingdom,Pound Sterling,,,,TRUE,,,,,,,,,,,,,,,,,,,,
174,Marlin Spares,MarlinSpares.com,Mr.,Jim,Starley,,,sales@marlinspares.com,c/o J Starley,11 Yoxall Drive,,,Derby,DE22 3SF,,United Kingdom,Pound Sterling,,,,TRUE,,,,,,,,,,,,,,,,,,,,
175,John Shooter,John Shooter England,,,,01746 389900,,info@johnshooter.com,Upper Aston Farm,,,,Wolverhampton,WV5 7EE,,United Kingdom,Pound Sterling,,,,TRUE,,,,,,,,,,,,,,,,,,,,
176,Vortex,Vortex Optics,,Jon Workman,Bentley,07714 468487/07702 874527,608 662-7454,accounts@vortexoptics.com,2120 W. Greenview Drive,,,,Middleton,53562,Wisconsin,United States of America,Pound Sterling,,,,TRUE,,,,195877,,,,,,,,,,,,,,,,
177,Texan Knives,Texan Knives UK,,Rasikha,Mansoor,07886 754330,,texanknivesuk@gmail.com,3 Cavenham Gardens,,,,Ilford,IG1 1XX,Essex,United Kingdom,Pound Sterling,,,,TRUE,,,,,,,,,,,,,,,,,,,,
178,Skee-Tex,Skee-Tex,,,,01268 768282,01268 764607,info@skee-tex.co.uk,The Old Mill,,,,Battlesbridge,SS11 8TR,Essex,United Kingdom,Pound Sterling,,,,TRUE,,,,,,,,,,,,,,,,,,,,
179,Rovince,Rovince UK,Mr.,Darren,Bullock,01455 886279,,info@rovince.co.uk,38 Sapcote Road,Burbage,,,Hinckley,LE10 2AU,Leicestershire,United Kingdom,Pound Sterling,,,,TRUE,,,,,,,,,,,,,,,,,,,,
180,Ardee,Ardee Sports Company,,,,041 685 3711,353 41 685 3072,db@ardeesports.com,Pepperstown,Ardee,,,Co. Louth,,Ireland,United Kingdom,Pound Sterling,,,,TRUE,,,,1477(PG),,,,,,,,,,,,,,,,
182,Huggett,Huggett Precision Products Ltd,,,,01638 711627,,,5-7 Hampstead Court,Hampstead Avenue,,,Mildenhall,IP28 7AS,Suffolk,United Kingdom,Pound Sterling,,,,TRUE,,,,,,,,,,,,,,,,,,,,
183,Balmormal,Balmoral Knitwear (Scotland) L,Mr.,Jim,Harrison (Agent),07798 522865 / 01386 710130,,fionajimharrison@btinternet.com,16 Church Lane,,,,Galston,KA4 8HF,Ayrshire,United Kingdom,Pound Sterling,,,,TRUE,,,,SHO01,,,,,,,,,,,,,,,,
184,Baleno,Baleno,Mr.,Thomas,Devos,3251740800,3251740962,,Sioen N.V.,,,,Fabriekstraat 23,,B-8850 ARDOOIE,Belgium,Pound Sterling,,,,TRUE,,,,1027485,,,,,,,,,,,,,,,,
185,Dalman,Dalman (Import & Export) Ltd,Mr.,Ryan,Nugent,01628 819406 / 07957 244431,01628 523209,ryan@dalman.com,"Unit 11, Wooburn Industrial Pa",,,,Wooburn Green,HP10 0PE,Buckinghamshire,United Kingdom,Pound Sterling,,,,TRUE,,,,GBS83,,,,,,,,,,,,,,,,
186,Alan Rhone,Alan Rhone Limited,,,,01978 660001,,,6 Coed Aben Road,Wrexham Industrial Estate,,,Wrexham,LL13 9UH,,United Kingdom,Pound Sterling,,,,TRUE,,,,,,,,,,,,,,,,,,,,
187,Starlight,Starlight Night Vision Ltd,,,,,,,"Unit 8, 240 Elliott Street",Tyldesley,,,Manchester,M29 8DS,,United Kingdom,Pound Sterling,,,,TRUE,,,,,,,,,,,,,,,,,,,,
188,Cardigan,Cardigan Sports,Mr.,Mike,Sabiston,01239 615996,,cardigansports@hotmail.com,30 High Street,,,,Cardigan,SA43 1HJ,,United Kingdom,Pound Sterling,,,,TRUE,,,,,,,,,,,,,,,,,,,,
189,Blackmore,Blackmore Vale Guns,Mr.,Kerry,Ellis,01963371037 or  07872616928,,kerry@blackmorevaleguns.co.uk,26 Westcombe,Templecombe,,,,BA8 0LH,Somerset,United Kingdom,Pound Sterling,,,,TRUE,,,,,,,,,,,,,,,,,,,,
190,Cheshire,Cheshire Gun Room Ltd,,Alastair,,0161 480 8222  /  07973333129,0161 612 6602,info@cheshiregunroom.com,29 Buxton Road,Stockport,,,Heavily,SK2 6LS,,United Kingdom,Pound Sterling,,,,TRUE,,,,,,,,,,,,,,,,,,,,
191,Falcon Optics,Falcon Optics,,Nick,,01902 847972,,,The Poplars,Strawmoor Lane,,,OAKEN,WV8 2HY,Staffs,United Kingdom,Pound Sterling,,,,TRUE,,,,,,,,,,,,,,,,,,,,
192,iWholesales,iWholesales Ltd,,,,1753682686,,info@iwholesales.co.uk,17 Willow Road,Colnbrook,,,SLOUGH,SL3 0BS,Berks,United Kingdom,Pound Sterling,,,,TRUE,,,,,,,,,,,,,,,,,,,,
193,Norman Clark,Norman Clark Gunsmiths Ltd,,,,01788 579651,,info@normanclarkgunsmith.com,19 Somers Road,,,,Rugby,CV22 7DG,Warwickshire,United Kingdom,Pound Sterling,,,,TRUE,,,,,,,,,,,,,,,,,,,,
006,Armourlite,Armourlite Limited,,,,01902 494988 or 07980 867110,01902 494988,,12 Withy Road,,,,BILSTON,WV14 0RX,West Midlands,United Kingdom,Pound Sterling,,,,TRUE,,,,,,,,,,,,,,,,,,,,
024,BOOKER,BOOKER,,,,,,,,,,,,,,United Kingdom,Pound Sterling,,,,TRUE,,,,,,,,,,,,,,,,,,,,
029,Forge Consulting,Forge Consulting Limited,,,,01644 470223,01644 470227,info@jacksonrifles.com,Glenswinton,,,,Parton,DG7 3NL,Castle Douglas,United Kingdom,Pound Sterling,,,,TRUE,,,,,,,,,,,,,,,,,,,,
053,Kynamco,Kynamco Limited,,,,01638 711799,01638 515251,,The Old Railway Station,,,,Mildenhall,IP28 7DT,Suffolk,United Kingdom,Pound Sterling,,,,TRUE,,,,SHOOTSUP,,,,,,,,,,,,,,,,
071,Saddlery & Gunrm,The Saddlery and Gun Room,,JP,,01959 573089 (option 3),01959 575590,hushpower@btinternet.com,368 Main Road,Westerham Hill,,,Westerham,TN16 2HN,Kent,United Kingdom,Pound Sterling,,,,TRUE,,,,,,,,,,,,,,,,,,,,
074,Seeland,Outfit International UK,,Ewen Steel,Sales Director,01844 238430 / 07912934389,,info@outfinternational.com,Unit 2 Brook Farm Barns,Dorton,,,Aylesbury,HP18 9NQ,Buckinghamshire,United Kingdom,Pound Sterling,,,,TRUE,,,,1527831261,,,,,,,,,,,,,,,,
080,LR Nash (SMK) Ltd,LR Nash (SMK) Ltd,,,,01206 795333,01206 792679,sales@sportsmk.co.uk,Commerce Way,Whitehall Road Ind Estate,,,Colchester,CO2 8HH,Essex,United Kingdom,Pound Sterling,250 9821 03,30 Days ,,TRUE,,,,SHOOTSUP,,,,,,,,,,,,,,,,
088,Theoben,Theoben Limited,,,,01353 777861,,customerservices@theoben.co.uk,Sterling Place,Elean Business Park,,,Sutton,CB6 2QE,Cambridgeshire,United Kingdom,Pound Sterling,,,,TRUE,,,,SHS001,,,,,,,,,,,,,,,,
096,Aim Field Sports,Aim Field Sports Limited,,,,01606 860678,,,144 Grange Lane,,,,Winsford,CW7 2QX,Cheshire,United Kingdom,Pound Sterling,,,,TRUE,,,,SHOOTSUP,,,,,,,,,,,,,,,,
099,Thomas Lowe,Thomas Lowe Defence Limited,,Duncan,07958 587538,02082 426696,01923 839045,,P O Box 2382,,,,Watford,WD18 1RL,,United Kingdom,Pound Sterling,,,,TRUE,,,,,,,,,,,,,,,,,,,,
146,Rivers West,Rivers West Europe Ltd,,Debbie,,01524 548060,01524 824417,debbie@arkconsultants.co.uk,Lowbrook Barn,Lancaster Road,,,Lancaster,LA2 6AL,Lancashire,United Kingdom,Pound Sterling,,,,TRUE,,,,SHOOTING,,,,,,,,,,,,,,,,
148,Empire Tapes,Empire Tapes PLC,,,,01709 768300,01709 768333,sales@empiretapes.com,Houndhill Park,Bolton Road,,,Rotherham,S63 7LG,,United Kingdom,Pound Sterling,,,,TRUE,,,,SHOOTIN,,,,,,,,,,,,,,,,
151,Shield,Shield Firearms & Sights Ltd,Mr.,Ken,Savill,01297 678233/560272,,info@shieldpsd.com,P O Box 7633,,,,Bridport,DT6 9DW,Dorset,United Kingdom,Pound Sterling,,,,TRUE,,,,SHOOTING,,,,,,,,,,,,,,,,
163,Caledonian Arms,Caledonian Classic Arms Ltd,,,,01505 843 254 or 07771 347285,,sales@caledonianclassicarms.com,Pyet Lodge,Ladyland,,,Kilbirnie,KA25 7JR,North Ayrshire,United Kingdom,Pound Sterling,,,,TRUE,,,,Shooting Supplies Lt,,,,,,,,,,,,,,,,
181,Fair Fax,Fair Fax,Mr.,Robert,Brightman,01622 662121,01622 685121,sales@fairfaxuk.com,14 Starnes Court,Union Street,,,Maidstone,ME14 1EB,Kent,United Kingdom,Pound Sterling,,,,TRUE,,,,Shooting,,,,,,,,,,,,,,,,
194,Rockwell Hend,Rockwell Henderson,,Peter ,Gray,07834658229,,sales@rhtrade.co.uk,STS (North Wales) Ltd,Llanrwst,,,Conwy,LL26 0HU,,United Kingdom,Pound Sterling,720 8255 51,30 Days,www.rockwellhenderson.co.uk,TRUE,,,,PG-SHOOT,,,,,,,,,,,,,,,,200
195,BestFoxCall,BestFoxCall Limited,,Alison,Archer,07780 663632,,info@bestfoxcall.co.uk, 1 Stoneyard Green Cottages,,,,Coddington,HR8 1JR,Herefordshire ,United Kingdom,Pound Sterling,,,www.bestfoxcall.co.uk,TRUE,,,,,,,,,,,,,,,,,,,,500
196,JMS Arms,JMS Arms Limited,Mr.,Julian,Savory,01444 400126,01444 401153,sales@jmsarms.com,Merrivale,Nursery Lane,,,Warninglid,RH17 5JS,West Sussex,United Kingdom,Pound Sterling,723612164,Payment with Order,www.maemoderators.co.uk,TRUE,,,,,,,,,,,,,,,,,,,,
197,Spartan Precision,Spartan Precision Eqpt Ltd,Mr.,Rob,Gearing,01892 300220 ,,rgearing@javelinbipod.com,Unit 1 The Dutch Barn,Blackham Court,Beech Green Lane,Withyham,Hartfield,TN7 4DB,East Sussex,United Kingdom,Pound Sterling,187762457,Pro Forma,www.javelinbipod.com/,TRUE,,,,,,,,,,,,,,,,,,,,
198,Roedale Precision,Roedale Precision,,,,+49 5456 9349259,+49 5456 9349258,info@roedale.de,Inh. Peter Lincoln,Velper Str 4,,,49492 Westerkappeln,,GERMANY,Germany,Pound Sterling,DE 814379633,10 Days from date of invoice,www.roedale.de,TRUE,,,,,,,,,,,,,,,,,,,,
199,Raytrade UK Ltd,Raytrade UK Ltd,Mr.,Jack,Clutterbuck,01635 253344,,sales@raytradeuk.co.uk,The Barnes,Lower Woodcott,,,Whitchurch,RG28 7QA,Hampshire,United Kingdom,Pound Sterling,,30 Days from End of Month,www.raytradeuk.co.uk,TRUE,,,,,,,,,,,,,,,,,,,,
200,Tippmann Arms,Tippmann Arms Co,Mr.,Erich,Garbers,844 340 9317,,egarbers@tippmannarms.com,3518 Adams Center Road,Fort Wayne,,,,IN 46806,,United Kingdom,Pound Sterling,,,www.tippmannarms.com,TRUE,,,,,,,,,,,,,,,,,,,,
201,Nuprol,Nuprol Ltd,Mr.,Trent,Halligan,07904 500029,,trent@nuprol.com,Unit 11,Epsom Business Park,Kiln Lane,,Epsom,KT17 1JF,Surrey,United Kingdom,Pound Sterling,,Proforma,www.nuprol.com,TRUE,,,,,,,,,,,,,,,,,,,,
202,Reload swiss,Commonside Firearms,,Nigel,Cole-Hawkins,07774 859630,,nigel@cole-hawkins.com,Unit 41,Bookham Industrial Park,Church Road,,Bookham,KT23 3EU,Surrey,United Kingdom,Pound Sterling,,,www.reload-swiss.com,TRUE,,,,,,,,,,,,,,,,,,,,
203,ATN,ATN International,,Craig,Miles,02037 446303,,cmiles@atneu.com,Units 1-2 Skylon Place,Hursey Road,Hereford Enterprise Zone,Roterwas,Hereford,HR2 2NX,Herefordshire,United Kingdom,Pound Sterling,,,,TRUE,,,,,,,,,,,,,,,,,,,,
204,AimCam,AimCam Limited,Mr.,Ben,Wyatt,01143 216331 / 07805 421921,,sales@aimcam.com,The Old Vicarage,Buxton Road,Longnor,,Buxton,SK17 0NZ,Derbyshire,United Kingdom,Pound Sterling,,,www.aimcam.com,TRUE,,,,,,,,,,,,,,,,,,,,
205,OCEANIA,Oceania Defence Ltd,Mr.,Nick,Suther,0207 381 9149,,info@defence.com,22 Fabien Road,,,,London,SW6 7TZ,Middlesex,United Kingdom,Pound Sterling,,,www.oceaniadefence.co.uk,TRUE,,,,,,,,,,,,,,,,,,,,
206,Concept covers,Concept Covers Ltd,Mr.,Peter,Gray,01384 897101,01384 891171,enquiries@conceptcovers.com,Monarch House,Balds Lane,,,Lye,DY9 8TE,West Midlands,United Kingdom,Pound Sterling,,30 days,www.conceptcovers.com,TRUE,,,,,,,,,,,,,,,,,,,,
207,FAB,FAB Manufacturing & Import LTD,,,,00972 3 9603399,00972 3 9603312,sales@fab-defense.com,19 Hamiksoot Blvd,P.O.B. 9081,,,Modi'in Makabim-Re'ut,7178126,,Israel,Pound Sterling,,,www.fab-defense.com,TRUE,,,,,,,,,,,,,,,,,,,,
208,Graham Stoner,GRAHAM STONER ASSOCIATES LTD,,PETER,GRAY,01252 783091,,,SANDY FARM BUSINESS PARK,SANDY ROAD,,,FARNHAM,GU10 1PX,SURREY,United Kingdom,Pound Sterling,657 359 496,10 DAYS (EXTRA 3.5%),,TRUE,,,,,,,,,,,,,,,,,,,,
209,Vanguard,Vanguard World UK,,Jason Wharam,,01202 651281,Mbl; 07769 298702,jason.wharam@vanguardworld.co.uk,73 Basepoint Business Centre,Aviation Business Park,,,Christchurch,BH23 6NX,Dorset,United Kingdom,Pound Sterling,,,www.vanguardworld.co.uk,TRUE,,,,,,,,,,,,,,,,,,,,
210,Jakele,Jakele-Zengerle Hnadels GmbH,,Darren,Hull,+49 (0) 8375 /2060 - 100,,darren.hull@jakele.de,Am Werkhaus 8,,,,Weitnau-Hofen,D-87480,,Germany,Pound Sterling,,,www.jakele.de,TRUE,,,,,,,,,,,,,,,,,,,,
211,Elite Optical,Elite Optical Distribution Ltd,,,,01803 658369,,accounts@eliteoptical.co.uk,"Unit 6, Yalberton Industrial Estate",Alders Way,,,Paignton,TQ4 7QL,Devon,United Kingdom,Pound Sterling,,,www.eliteoptical.co.uk,TRUE,,,,,,,,,,,,,,,,,,,,
212,Tasmanian Tiger,Prisma-Worldwide Ltd,Mr.,Ian,Simpson,07971 982434,,ian@prisma-worldwide.co.uk,Prisma-Worldwide Ltd,21 Freelands Road,,,Cobham,KT11 2NA,,United Kingdom,Pound Sterling,,,,TRUE,,,,,,,,,,,,,,,,,,,,
213,Shellhouse,Shellhouse Bullet Company,Mr.,Macauley,Locke,01706 573071 / 07999 301117,,shellhousebullets@btinternet.com,42 Fieldfare Way,Bacup,,,,OL13 9PP,Lancashire,United Kingdom,Pound Sterling,,,,TRUE,,,,,,,,,,,,,,,,,,,,
214,BEST FITTINGS,BEST FITTINGS LTD,,Tracy,Jackson,01747 312672,,tracy@bestfittings.co.uk,9 NEWBURY COURT,NEWBURY,,,GILLINGHAM,SP8 4QX,DORSET,United Kingdom,Pound Sterling,,Pro forma,www.best-fittings.co.uk,TRUE,,,,,,,,,,,,,,,,,,,,
215,Kahles,Kahles Gesellschaft m.b.H,,Grabovic,Tomina,+43(2236) 520 20-53,,t.grabovic@kahles.at,2353 Guntramsdorf,Danfoss Strasse 5,,,,,,Austria,Pound Sterling,,,,TRUE,,,,,,,,,,,,,,,,,,,,
216,TreesCo,TreesCo,,Daniel,Aimes,07960 124102,,d.aimes@treesco.com,29 Bld General Delambre,,,,,95870 Bezons,,France,Pound Sterling,,,,TRUE,,,,,,,,,,,,,,,,,,,,
217,Magload,Magload Limited,,,,01489 858556,,info@magload.co.uk,Wyndham Lodge,Corhampton Lane,,,Corhampton,SO32 3LQ,Hampshire,United Kingdom,Pound Sterling,,On Receipt,,TRUE,,,,,,,,,,,,,,,,,,,,